Elective_IAT,Cancelled_Elective_Operations_Mean,Cancelled_Elective_Operations_Std,Bed_Occupancy_Mean,Bed_Occupancy_Std,Patient_Count_Mean,Patient_Count_Std,Bed_Utilization_Mean,Bed_Utilization_Std,Mean_Waiting_Time_Unplanned_Mean,Mean_Waiting_Time_Unplanned_Std
20,259.14,67.53884329432475,21.31432102198094,0.7993488735517119,1576.71,35.195068238076026,0.8880967092492057,0.033306203064654656,46.881192881087024,51.473975952221494
25,200.07,56.02547310254182,21.13313403233258,0.8551805609598798,1490.4,35.33933625393504,0.880547251347191,0.035632523373328326,45.814203905102715,50.86707246493765
30,161.82,47.68846291242249,21.003535127144332,0.904901272562178,1432.85,35.22435308852457,0.875147296964347,0.03770421969009074,45.31185693711999,51.02705973231926
35,135.65,41.88545587840025,20.903254223721277,0.9404643390946945,1391.75,35.220051394085445,0.8709689259883865,0.03918601412894561,44.76824237285413,50.81812805534492
40,116.77,36.80109105760729,20.827240367619275,0.9688629263848715,1361.08,35.18771594655376,0.8678016819841364,0.04036928859936965,44.61998351670825,51.15099215949658
45,102.59,33.274825925976536,20.757632227996417,0.9910299708792983,1337.03,35.23383790241042,0.8649013428331842,0.0412929154533041,44.42934783456104,51.7597997065137
50,91.92,29.99517806366062,20.70547111945749,1.007245118922586,1317.75,35.24814630844888,0.8627279633107287,0.041968546621774405,44.18554065617715,51.252328730498554
